,target,var1,var2,var3,var4,var5,var6,var7
0,0,509.18,417.681,137,138.0,393.0,0,1563628897.0
1,0,446.06,666.182,57,81.0,352.05,1,1554413446.0
2,1,235.5,398.097,101,90.0,339.0,0,1551581977.0
3,0,306.02,518.163,216,102.0,439.25,1,1552982458.0
4,0,453.08,600.156,36,105.0,422.95,0,1552915355.0
5,1,211.72,506.716,120,111.0,310.6,0,1552914012.0
6,0,401.42,627.294,71,78.0,390.05,0,1553740159.0
7,0,498.9,525.207,18,129.0,408.75,1,1559886076.0
8,1,257.9,651.209,149,147.0,280.2,0,1549526551.0
9,1,283.04,467.801,41,69.0,272.35,1,1553629066.0
10,1,333.72,188.193,2,90.0,289.3,1,1562606041.0
11,0,440.16,703.248,81,87.0,341.25,1,1550247529.0
12,0,450.46,654.968,57,114.0,412.9,0,1552315856.0
13,0,451.52,634.303,10,75.0,338.55,0,1556420110.0
14,1,230.74,575.947,62,132.0,260.85,0,1550989038.0
15,0,461.86,612.276,60,93.0,397.85,1,1558067251.0
16,1,210.0,441.743,13,132.0,310.3,1,1555077668.0
17,0,374.06,772.204,62,102.0,343.4,0,1563183739.0
18,1,231.82,498.228,31,99.0,257.9,1,1556113570.0
19,0,398.58,541.062,122,69.0,391.2,1,1554377991.0
20,1,247.72,404.685,82,138.0,223.6,0,1552358898.0
21,0,449.8,712.224,21,108.0,379.0,1,1548045043.0
22,1,209.56,436.621,28,126.0,297.95,0,1562438161.0
23,0,367.7,747.807,107,93.0,350.2,0,1553659166.0
24,1,281.54,721.963,136,114.0,271.85,1,1561486673.0
25,0,340.26,549.524,225,90.0,433.9,0,1550531339.0
26,1,299.58,467.373,1,102.0,183.65,0,1561600596.0
27,0,505.54,534.313,9,87.0,346.75,0,1550072256.0
28,0,382.34,625.898,181,135.0,440.2,0,1551988971.0
29,1,342.48,644.108,63,81.0,229.1,0,1549831418.0
30,1,215.12,488.674,19,138.0,289.1,0,1554560212.0
31,0,373.96,485.372,53,63.0,379.2,1,1549525266.0
32,1,301.58,432.419,65,135.0,179.9,1,1561672307.0
33,1,270.16,684.489,205,99.0,343.0,1,1550429457.0
34,0,402.52,730.493,84,93.0,367.05,0,1547625700.0
35,0,466.08,633.944,216,108.0,406.05,1,1546421411.0
36,1,258.02,356.848,185,135.0,219.15,1,1548740356.0
37,1,287.58,460.043,27,159.0,218.35,0,1563743795.0
38,0,470.02,608.795,207,117.0,417.0,1,1554602258.0
39,1,241.8,373.452,194,87.0,291.1,1,1549852802.0
40,0,404.24,510.151,3,87.0,436.15,1,1553630056.0
41,0,446.18,343.092,183,159.0,406.1,0,1546867521.0
42,0,469.62,544.292,31,96.0,413.95,0,1551004603.0
43,1,400.44,515.102,217,96.0,176.65,1,1559772694.0
44,0,436.34,483.761,54,63.0,340.9,0,1549749894.0
45,1,322.32,239.753,180,162.0,274.6,1,1560434391.0
46,1,281.66,391.326,12,174.0,297.55,1,1560650484.0
47,0,380.24,721.547,103,84.0,353.05,1,1555392273.0
48,1,391.38,397.997,149,174.0,225.55,1,1546705604.0
49,0,500.06,534.123,87,123.0,407.55,1,1558258212.0
50,0,443.02,688.62,82,90.0,372.65,0,1555580022.0
51,1,258.62,523.366,200,147.0,224.9,1,1554855227.0
52,0,449.64,697.583,70,90.0,355.7,1,1561078367.0
53,1,250.44,501.998,208,132.0,215.1,1,1555134172.0
54,1,273.28,434.449,190,162.0,234.4,1,1549270417.0
55,1,288.54,328.475,71,156.0,231.85,1,1546646573.0
56,0,401.18,675.161,64,81.0,379.15,1,1551694428.0
57,0,419.82,469.641,72,117.0,457.15,0,1562471701.0
58,0,419.44,694.819,200,96.0,395.45,0,1557264771.0
59,1,256.32,684.472,143,129.0,339.7,1,1556670193.0
60,1,398.5,567.351,41,150.0,186.6,0,1553989252.0
61,0,330.54,780.929,232,123.0,330.7,1,1553331151.0
62,1,278.02,602.49,27,93.0,230.65,1,1549011655.0
63,0,494.62,666.991,160,99.0,327.0,1,1550011868.0
64,1,282.68,293.592,63,93.0,237.4,1,1561853973.0
65,0,461.56,569.093,97,87.0,402.3,1,1559639609.0
66,0,422.78,605.507,54,66.0,329.5,1,1563286434.0
67,1,457.56,500.553,4,78.0,231.4,0,1555621648.0
68,1,405.4,785.21,176,123.0,339.25,0,1548111094.0
69,1,265.32,304.875,140,126.0,222.3,0,1547581247.0
70,0,445.82,705.106,104,108.0,387.35,0,1552534152.0
71,1,254.02,557.876,21,108.0,223.2,1,1550127103.0
72,0,472.38,530.589,73,75.0,366.9,0,1555839035.0
73,1,241.26,433.861,89,123.0,221.65,1,1547458079.0
74,1,254.52,463.392,212,78.0,280.05,1,1562353185.0
75,0,512.78,580.377,70,93.0,332.35,0,1551582828.0
76,0,496.38,562.166,41,117.0,405.55,0,1563018089.0
77,0,420.78,656.202,74,84.0,387.2,1,1560140517.0
78,1,216.06,473.144,160,117.0,267.7,1,1561287901.0
79,1,255.3,676.823,149,129.0,276.6,1,1552900119.0
80,1,229.7,535.499,15,147.0,281.0,0,1555871487.0
81,0,341.8,639.365,5,96.0,421.25,0,1554877931.0
82,1,377.12,563.948,75,156.0,189.35,0,1558815002.0
83,1,305.72,466.938,205,135.0,176.7,1,1560875578.0
84,1,336.54,434.501,206,168.0,212.2,1,1549812197.0
85,1,336.82,256.827,32,171.0,336.3,0,1558936443.0
86,1,340.08,368.842,120,141.0,177.45,1,1555139256.0
87,1,320.98,369.135,124,126.0,174.8,0,1559405430.0
88,0,374.72,623.364,68,90.0,420.4,0,1547348307.0
89,1,231.82,616.525,142,114.0,283.2,1,1546711012.0
90,0,457.52,626.675,143,99.0,408.05,1,1555515963.0
91,1,264.76,543.247,115,102.0,214.15,0,1556012528.0
92,0,357.5,652.802,2,72.0,352.2,0,1559856411.0
93,1,349.1,283.573,37,153.0,210.25,0,1561040452.0
94,1,244.9,435.737,120,150.0,241.3,0,1560897082.0
95,1,439.58,609.539,132,93.0,207.35,1,1562428599.0
96,1,266.36,489.131,116,105.0,203.35,1,1557048516.0
97,1,274.48,633.63,199,135.0,223.9,0,1562670294.0
98,0,404.32,568.847,86,60.0,332.45,1,1560166293.0
99,0,534.02,514.733,165,105.0,338.2,0,1562098995.0
100,0,415.06,355.219,19,78.0,404.95,0,1560139001.0
101,1,224.38,602.235,132,126.0,309.4,0,1563882388.0
102,1,291.46,483.352,121,96.0,196.5,1,1550981497.0
103,0,430.08,664.12,230,99.0,406.85,1,1547515205.0
104,1,258.32,533.368,114,147.0,227.4,0,1558239821.0
105,1,313.08,270.864,93,87.0,238.3,1,1563449611.0
106,0,385.7,622.049,73,96.0,429.2,0,1560116585.0
107,0,474.78,692.857,180,105.0,358.8,1,1558876710.0
108,0,462.74,620.534,170,78.0,351.45,0,1553802517.0
109,1,272.36,485.544,49,99.0,204.4,0,1559325015.0
110,1,218.08,415.476,37,132.0,272.75,1,1549249817.0
111,0,426.72,679.388,212,111.0,414.35,1,1561752821.0
112,1,309.86,224.56,178,99.0,238.7,0,1557845345.0
113,0,350.28,688.77,204,114.0,418.3,1,1550462316.0
114,1,240.12,570.098,67,105.0,249.05,0,1546661926.0
115,1,317.12,423.625,0,177.0,256.9,1,1560791476.0
116,0,462.42,738.845,188,114.0,340.55,1,1546896110.0
117,1,382.52,147.755,106,132.0,263.35,1,1558247858.0
118,0,467.86,432.996,80,96.0,424.05,0,1562282267.0
119,1,234.6,413.358,94,87.0,325.75,1,1563144209.0
120,0,339.0,712.284,34,87.0,360.4,1,1552142733.0
121,1,225.44,364.249,53,138.0,345.75,1,1563927736.0
122,1,247.44,527.233,213,111.0,221.65,0,1546939946.0
123,1,312.72,248.529,99,123.0,209.1,1,1558910987.0
124,0,478.44,561.134,14,87.0,388.15,1,1550163915.0
125,0,424.76,703.772,226,90.0,367.85,1,1553070170.0
126,0,407.68,683.49,159,78.0,347.5,1,1551275504.0
127,0,450.1,605.14,228,72.0,337.35,0,1553065972.0
128,1,247.6,260.24,165,126.0,346.0,1,1560765526.0
129,1,369.88,533.096,147,57.0,304.55,1,1560090246.0
130,0,452.22,644.478,215,117.0,417.35,1,1557953320.0
131,0,409.12,676.862,93,108.0,417.65,1,1562391292.0
132,0,361.76,601.884,94,84.0,419.45,0,1559046015.0
133,1,497.02,596.832,95,87.0,334.0,1,1562851417.0
134,0,420.52,576.694,80,93.0,430.95,0,1557319860.0
135,1,308.46,322.524,12,174.0,281.95,1,1550138809.0
136,1,246.44,349.037,123,135.0,234.2,1,1557945890.0
137,1,343.24,722.709,151,93.0,252.6,1,1548255733.0
138,0,438.98,712.967,70,99.0,375.75,0,1560968378.0
139,0,467.22,631.097,176,87.0,369.4,1,1546583835.0
140,0,477.98,545.416,171,99.0,413.65,0,1558387884.0
141,0,495.8,640.216,16,117.0,378.25,0,1559183665.0
142,1,242.56,536.478,123,129.0,228.1,1,1561516455.0
143,0,473.92,530.425,103,81.0,379.7,0,1550318745.0
144,1,269.2,255.988,130,120.0,240.15,0,1559513768.0
145,1,212.08,495.254,215,132.0,295.65,0,1560100262.0
146,0,383.56,522.617,143,81.0,428.85,0,1554852402.0
147,1,223.42,556.059,220,135.0,275.65,1,1550440529.0
148,0,388.46,733.923,174,117.0,398.0,1,1555919313.0
149,1,346.1,525.812,85,162.0,195.95,1,1548278157.0
150,1,253.94,436.985,175,156.0,374.35,1,1559269038.0
151,0,522.04,445.594,0,120.0,385.35,1,1551434495.0
152,1,227.38,586.777,139,135.0,337.95,1,1563859299.0
153,1,269.76,387.453,184,114.0,200.75,0,1561660624.0
154,0,417.52,646.986,187,93.0,409.75,0,1556747197.0
155,1,324.16,275.084,118,117.0,194.65,1,1552286950.0
156,0,492.88,647.751,140,111.0,374.2,0,1547483438.0
157,1,257.96,521.774,130,126.0,207.3,0,1558598784.0
158,1,239.68,413.563,108,87.0,286.75,1,1556030078.0
159,1,500.72,331.472,102,93.0,262.8,0,1556070501.0
160,1,345.66,535.755,216,156.0,188.4,0,1550409393.0
161,0,292.38,705.756,208,114.0,379.0,0,1555586585.0
162,1,243.14,386.412,26,153.0,264.2,0,1561805445.0
163,0,463.82,571.96,223,90.0,405.85,0,1559545236.0
164,0,400.56,640.086,17,84.0,402.55,0,1546914846.0
165,1,215.84,392.115,76,135.0,315.9,1,1551787421.0
166,1,254.14,563.669,95,132.0,401.55,1,1555602873.0
167,0,366.96,642.878,209,81.0,397.6,0,1560161460.0
168,0,334.82,611.613,76,87.0,413.45,0,1558692998.0
169,0,429.06,617.719,36,99.0,423.95,1,1553972990.0
170,1,231.2,492.064,136,138.0,246.05,1,1551324875.0
171,1,295.5,437.789,185,96.0,428.65,0,1562779491.0
172,1,223.88,448.937,133,102.0,266.5,1,1557176851.0
173,1,336.0,631.001,184,159.0,222.45,0,1556000923.0
174,1,295.22,332.938,129,75.0,261.75,0,1559721270.0
175,0,344.2,725.249,210,105.0,392.7,1,1559076110.0
176,0,394.66,581.519,6,72.0,388.0,0,1558885226.0
177,1,416.42,428.614,194,144.0,173.9,0,1553392915.0
178,0,499.62,665.228,194,117.0,354.6,0,1563741006.0
179,1,280.3,612.29,54,162.0,359.5,0,1555965137.0
180,1,234.7,464.731,115,156.0,286.2,0,1561844382.0
181,1,331.12,421.916,35,129.0,167.6,1,1557438878.0
182,1,238.6,627.226,215,141.0,311.55,1,1550129818.0
183,1,285.34,575.87,66,123.0,194.7,0,1563181722.0
184,0,404.5,509.837,171,60.0,348.1,0,1551221203.0
185,1,277.74,636.49,232,117.0,218.25,1,1557354267.0
186,0,482.72,505.064,152,75.0,349.3,1,1547327835.0
187,1,218.58,373.348,231,111.0,284.45,0,1558743597.0
188,1,221.86,593.979,5,123.0,310.7,0,1548269961.0
189,0,512.8,521.4,208,96.0,368.6,0,1552876766.0
190,1,407.8,240.789,34,114.0,202.35,1,1563781483.0
191,1,257.24,530.418,65,117.0,209.3,0,1553614087.0
192,0,450.94,667.738,134,123.0,409.5,1,1560235675.0
193,0,396.9,606.376,35,63.0,298.05,0,1554530143.0
194,1,277.1,490.3,169,156.0,218.85,0,1548401981.0
195,1,353.96,603.334,125,180.0,333.15,1,1547681871.0
196,1,216.2,420.789,205,111.0,277.3,1,1550790431.0
197,1,282.26,588.471,99,75.0,333.85,1,1562671082.0
198,0,393.42,615.263,30,69.0,365.9,0,1554361666.0
199,1,303.9,341.272,182,69.0,330.05,1,1561086881.0
200,0,477.16,677.148,231,105.0,369.75,1,1554907715.0
201,0,428.16,666.368,202,93.0,400.45,1,1558645245.0
202,0,334.52,723.306,233,102.0,386.75,1,1552133408.0
203,1,250.22,349.423,31,117.0,397.55,0,1551864826.0
204,0,465.56,500.387,201,102.0,428.9,1,1563659622.0
205,0,407.48,642.679,159,75.0,365.95,0,1547900293.0
206,1,309.5,499.427,16,114.0,174.3,1,1560880592.0
207,1,216.54,487.589,106,105.0,333.45,1,1557602022.0
208,1,404.36,611.423,52,84.0,208.65,0,1546888565.0
209,0,429.48,662.695,74,93.0,401.95,1,1556871683.0
210,1,289.06,473.389,110,120.0,181.85,0,1555892898.0
211,0,466.72,465.001,80,138.0,432.65,1,1561771161.0
212,0,387.2,582.879,125,93.0,435.9,1,1548911564.0
213,0,435.32,565.938,103,78.0,394.2,0,1561792846.0
214,0,482.06,465.579,24,75.0,361.15,0,1562347069.0
215,0,375.9,419.208,85,57.0,277.75,1,1553394954.0
216,1,218.44,373.453,84,132.0,338.45,1,1554083832.0
217,1,250.54,353.493,118,114.0,225.4,1,1553675557.0
218,1,223.18,458.005,182,117.0,249.2,1,1549696885.0
219,0,336.3,670.809,74,87.0,388.3,1,1560982095.0
220,0,324.06,427.602,12,102.0,446.85,0,1555417591.0
221,0,462.98,608.433,74,75.0,329.0,0,1552925099.0
222,0,418.5,632.969,138,81.0,390.55,0,1548864604.0
223,1,318.1,697.849,150,81.0,315.2,1,1562775956.0
224,1,328.5,664.298,50,75.0,280.8,0,1548186233.0
225,1,264.14,344.181,160,144.0,225.85,0,1548600070.0
226,1,274.56,425.812,181,114.0,192.6,0,1553731146.0
227,0,439.44,332.392,140,84.0,406.45,1,1550263265.0
228,0,439.5,575.187,15,72.0,372.7,1,1553962559.0
229,0,437.22,421.629,63,63.0,328.85,0,1552930540.0
230,1,274.86,700.533,87,144.0,316.8,1,1561252963.0
231,1,216.5,389.874,203,135.0,301.95,0,1551541142.0
232,0,355.56,502.16,164,96.0,446.7,0,1553202954.0
233,0,423.74,560.674,63,66.0,355.0,1,1552545974.0
234,1,299.34,595.5,170,72.0,278.95,1,1550695625.0
235,1,389.66,482.466,140,96.0,173.3,1,1563106030.0
236,0,316.1,722.1,69,90.0,328.25,1,1562102543.0
237,0,458.38,711.571,81,120.0,379.05,1,1553716211.0
238,1,311.6,762.47,159,129.0,336.4,0,1554326026.0
239,0,472.58,547.74,145,105.0,422.65,1,1553560322.0
240,0,391.86,601.518,136,96.0,432.9,0,1551224684.0
241,1,306.24,714.556,89,153.0,298.2,0,1556845741.0
242,1,278.84,726.844,58,126.0,283.3,1,1550659971.0
243,0,445.5,656.535,153,84.0,367.3,0,1557931309.0
244,0,375.52,702.256,212,120.0,416.3,0,1546439763.0
245,1,221.32,577.39,152,126.0,286.0,1,1552993776.0
246,0,476.9,698.697,162,99.0,330.85,1,1547943975.0
247,0,462.56,710.552,194,114.0,373.05,0,1554592240.0
248,0,502.16,675.119,25,132.0,297.6,0,1558982735.0
249,1,270.48,674.31,151,147.0,281.5,0,1549221171.0
250,0,406.88,755.606,51,99.0,350.25,1,1553449711.0
251,0,442.36,658.164,145,117.0,417.75,0,1560024807.0
252,1,381.9,657.735,55,120.0,188.7,1,1558961137.0
253,1,291.7,325.936,2,108.0,199.3,1,1561569386.0
254,0,423.74,438.705,234,96.0,443.6,0,1546535405.0
255,0,506.96,531.853,28,138.0,391.75,1,1547172434.0
256,0,432.0,704.49,43,132.0,399.85,1,1562982526.0
257,0,414.54,550.151,159,72.0,391.85,1,1548218857.0
258,1,289.54,547.557,161,90.0,212.55,0,1547581533.0
259,0,389.12,662.626,150,108.0,426.85,0,1548608899.0
260,0,488.68,567.298,106,93.0,384.95,0,1561188801.0
261,1,329.66,326.357,34,156.0,207.45,1,1558342173.0
262,1,297.86,312.159,17,129.0,196.7,1,1555537151.0
263,1,248.76,659.538,111,132.0,278.0,0,1560513598.0
264,0,435.36,704.926,35,132.0,397.7,0,1546706071.0
265,1,270.62,670.502,234,102.0,257.5,1,1552649148.0
266,1,216.3,377.132,15,120.0,284.95,1,1563318534.0
267,1,250.92,257.391,215,123.0,269.6,0,1560338245.0
268,1,236.78,310.875,29,108.0,273.5,0,1550044435.0
269,0,413.58,608.456,80,78.0,397.2,1,1557926314.0
270,1,240.74,424.157,140,153.0,258.15,0,1549041897.0
271,1,265.42,528.02,91,150.0,224.8,0,1546431936.0
272,0,445.44,593.41,166,93.0,417.4,0,1551707267.0
273,1,211.88,475.754,56,111.0,291.05,1,1549559195.0
274,1,227.06,326.89,100,114.0,280.7,0,1549180756.0
275,0,381.9,717.275,113,84.0,354.5,1,1560813578.0
276,0,345.62,616.18,112,69.0,359.45,0,1549237676.0
277,0,508.1,493.255,166,99.0,386.0,0,1550003800.0
278,0,461.54,504.684,155,75.0,383.8,0,1558877316.0
279,0,409.64,697.182,99,87.0,378.2,0,1552678519.0
280,0,494.02,567.255,130,84.0,349.75,1,1556414674.0
281,0,451.94,668.617,13,81.0,343.6,1,1550943466.0
282,1,283.78,457.165,54,132.0,187.35,0,1548474978.0
283,1,291.92,313.434,230,114.0,199.25,1,1546485735.0
284,0,397.58,634.292,20,81.0,396.1,0,1552307959.0
285,1,270.36,332.581,87,90.0,237.65,1,1554268231.0
286,1,276.7,713.925,106,129.0,349.5,1,1557748270.0
287,0,435.7,651.722,68,84.0,384.05,0,1562158623.0
288,1,246.56,567.595,163,87.0,302.65,1,1557397308.0
289,1,225.04,578.06,111,111.0,278.55,0,1551914804.0
290,0,331.3,524.162,138,75.0,406.6,1,1552021977.0
291,0,316.58,581.143,79,105.0,436.75,0,1548470837.0
292,0,416.1,662.257,102,87.0,393.4,1,1547656830.0
293,1,287.88,744.452,180,114.0,312.1,1,1563523158.0
294,1,268.84,677.822,26,135.0,256.5,0,1555898821.0
295,1,255.64,630.061,82,105.0,250.9,0,1561004681.0
296,0,335.34,526.918,25,69.0,390.9,1,1560108747.0
297,0,467.12,731.045,106,111.0,336.8,1,1562428833.0
298,0,432.98,611.721,61,87.0,405.5,0,1562557661.0
299,1,223.26,442.751,4,102.0,266.65,0,1552538075.0
300,0,496.32,554.796,138,123.0,407.9,1,1548611744.0
301,0,451.16,738.9,96,105.0,341.85,1,1559532978.0
302,0,388.74,720.429,2,99.0,390.75,1,1551997935.0
303,1,229.06,484.677,222,126.0,239.5,1,1551035291.0
304,1,270.5,617.571,111,114.0,218.15,0,1558813516.0
305,1,266.84,616.909,196,126.0,220.8,0,1558744499.0
306,1,236.32,491.017,8,135.0,233.3,1,1552097237.0
307,0,472.16,657.564,146,102.0,385.25,1,1558116406.0
308,1,270.48,677.813,221,114.0,249.2,0,1558149543.0
309,0,428.46,517.396,26,72.0,397.6,1,1555796962.0
310,0,416.04,700.128,226,96.0,393.8,0,1555754669.0
311,0,509.88,631.079,137,102.0,315.55,0,1552863586.0
312,0,455.44,642.643,182,78.0,350.15,0,1558558177.0
313,0,485.18,661.77,36,93.0,338.8,1,1558719778.0
314,1,255.12,553.17,84,105.0,223.65,0,1548613542.0
315,0,367.64,556.423,78,60.0,349.4,0,1562809371.0
316,0,463.9,507.117,232,111.0,435.8,0,1552768390.0
317,0,421.08,722.729,137,96.0,370.1,1,1552143431.0
318,1,244.62,284.952,186,129.0,264.2,1,1563272044.0
319,0,504.72,597.842,214,90.0,321.2,1,1555415623.0
320,0,316.84,662.917,51,120.0,419.85,0,1549108158.0
321,1,303.44,461.976,165,135.0,178.3,1,1556546906.0
322,1,273.18,687.378,216,117.0,249.75,1,1553418772.0
323,0,385.0,597.976,191,87.0,425.05,1,1556899370.0
324,1,283.92,488.677,132,84.0,220.75,0,1548169405.0
325,1,304.98,492.7,24,94.2,444.85,1,1560277932.0
326,1,302.36,515.935,137,99.6,177.75,1,1547411915.0
327,1,261.68,386.454,58,120.6,412.45,1,1559264317.0
328,1,317.6,155.983,14,109.8,323.15,0,1560309064.0
329,0,465.08,606.384,155,123.0,421.45,1,1548622077.0
330,1,259.6,700.055,62,119.4,324.4,0,1550183010.0
331,0,332.38,779.887,126,109.2,311.3,1,1558885212.0
332,1,307.52,398.406,37,96.0,423.65,1,1550734968.0
333,1,226.24,516.369,60,105.6,347.85,0,1559524481.0
334,1,233.06,516.333,186,112.2,359.3,1,1558073660.0
335,0,443.06,701.791,57,120.6,382.8,0,1556007331.0
336,0,385.86,646.547,181,154.2,429.2,0,1560576613.0
337,0,447.86,734.748,163,126.0,362.65,1,1563703310.0
338,1,261.66,633.369,219,134.4,387.8,0,1558237944.0
339,1,331.24,338.131,212,102.0,178.95,0,1555767402.0
340,0,467.7,575.456,129,117.6,325.35,1,1546499633.0
341,0,359.64,657.048,19,115.2,413.6,1,1547701631.0
342,1,324.1,669.803,78,134.4,393.8,1,1563854682.0
343,0,457.62,472.586,105,115.2,381.0,0,1551508508.0
344,1,284.42,402.438,40,121.2,197.65,0,1559392037.0
345,0,502.0,577.569,5,117.6,360.05,1,-9223372036.854776
346,0,464.42,567.358,74,100.8,411.5,1,1555403768.0
347,0,328.04,769.842,202,106.8,271.75,1,1561018929.0
348,0,444.5,711.365,59,109.8,383.5,1,1560317479.0
349,1,250.24,640.113,233,118.8,364.4,1,1555876584.0
350,1,221.68,469.31,19,117.0,296.8,1,1561943524.0
351,0,430.36,619.221,156,91.2,422.65,0,1562837573.0
352,0,500.7,612.752,178,134.4,360.95,0,1558264619.0
353,0,381.5,665.74,35,95.4,417.45,0,1559583167.0
354,1,414.36,297.278,193,103.8,422.25,1,1562991053.0
355,0,396.48,573.304,117,125.4,449.0,1,1549083470.0
356,1,343.08,139.965,61,111.0,342.9,0,1562414669.0
357,1,319.2,256.039,196,103.2,411.9,1,1563413797.0
358,0,416.46,631.153,27,95.4,429.3,1,1558577704.0
359,0,470.7,547.748,113,112.2,384.35,0,1559164630.0
360,1,298.4,396.16,217,108.0,263.4,0,1563256602.0
361,0,380.34,510.495,209,106.8,327.65,0,1560997512.0
362,0,425.58,632.749,163,124.8,388.25,1,1549287032.0
363,0,492.12,621.098,169,109.2,378.55,1,1552298483.0
364,0,435.58,732.071,174,87.6,373.1,1,1554365994.0
365,1,331.04,559.937,61,109.2,179.9,0,1552260414.0
366,0,437.6,504.395,48,103.2,444.45,0,1563389738.0
367,0,458.44,654.619,188,103.2,409.9,1,1555329074.0
368,0,392.34,778.717,53,113.4,334.15,0,1551395432.0
369,1,260.8,566.817,138,121.2,214.7,0,1555072539.0
370,1,250.9,623.184,109,87.6,337.8,1,1556226939.0
371,0,459.98,704.956,193,113.4,369.45,0,1561569955.0
372,0,403.16,613.895,122,121.2,421.85,1,1555039599.0
373,0,468.46,557.644,198,123.6,399.15,0,1558208031.0
374,0,500.22,517.726,228,100.8,392.9,0,1555411009.0
375,0,443.96,577.375,172,118.8,435.45,0,1555863050.0
376,0,428.84,639.764,170,97.8,381.2,1,1559870946.0
377,0,432.48,673.014,122,96.6,366.35,0,1558538245.0
378,0,398.86,603.096,174,103.2,360.2,1,1549781527.0
379,1,417.16,713.846,116,106.8,364.85,0,1549921740.0
380,0,445.54,626.696,220,106.8,413.4,0,1561023302.0
381,1,240.5,491.585,86,106.2,298.5,1,1557497551.0
382,1,292.26,596.108,86,109.8,199.8,0,1555308515.0
383,1,395.32,771.436,182,99.6,299.8,1,1547454424.0
384,0,499.98,589.966,100,120.0,258.25,1,1558780768.0
385,0,453.48,597.616,158,131.4,299.95,0,1558276217.0
386,1,319.54,439.745,3,111.0,177.45,1,1554734144.0
387,1,391.08,158.791,206,96.0,290.25,0,1549967950.0
388,1,237.2,585.439,229,104.4,263.5,0,1557317524.0
389,1,425.16,302.28,186,109.8,278.0,1,1547474409.0
390,0,365.3,384.277,173,91.2,379.6,1,1551143924.0
391,0,371.7,746.233,224,93.6,344.75,0,1552681160.0
392,1,236.54,409.269,65,123.0,260.65,0,1548695034.0
393,1,329.26,667.848,69,126.0,230.4,0,1563706475.0
394,1,297.22,320.068,157,102.6,274.4,1,1557882186.0
395,0,357.84,616.01,32,108.6,430.3,0,1554065722.0
396,0,361.54,545.201,47,101.4,454.85,1,1550341296.0
397,0,434.2,694.287,54,93.6,364.6,0,1552671195.0
398,0,387.6,660.251,1,131.4,398.6,0,1558354679.0
399,0,372.74,686.15,49,102.0,403.6,1,1555650928.0
400,0,385.2,793.323,160,97.8,303.5,0,1559860884.0
401,1,210.08,431.552,168,108.0,316.85,0,1553345603.0
402,1,273.88,566.941,2,99.6,352.9,1,1551172728.0
403,0,385.62,679.908,59,98.4,384.15,1,1551710018.0
404,1,283.16,561.299,221,125.4,227.65,1,1555970481.0
405,0,423.28,675.269,76,132.0,382.95,1,1560835053.0
406,0,439.96,464.228,13,110.4,393.8,0,1546934927.0
407,0,386.58,722.04,49,108.0,359.5,0,1556090416.0
408,1,316.44,518.688,60,100.8,178.05,1,1553762786.0
409,0,409.58,648.28,139,126.0,393.7,0,1558970752.0
410,0,451.98,403.455,231,134.4,370.3,1,1563862731.0
411,1,251.88,352.54,32,93.0,307.85,0,1552572785.0
412,0,453.28,670.333,168,122.4,342.35,1,1561422803.0
413,1,282.72,663.49,73,108.0,225.25,1,1557054569.0
414,0,469.44,623.308,75,117.6,396.8,0,1546404644.0
415,1,281.34,364.972,46,126.0,194.8,0,1563724960.0
416,0,477.26,529.682,1,100.8,364.2,1,1562620712.0
417,1,227.5,594.198,154,98.4,274.8,0,1551346291.0
418,1,240.92,547.874,65,115.2,316.3,0,1551499365.0
419,0,462.96,736.09,67,109.8,345.55,0,1555850068.0
420,0,500.64,610.676,203,135.0,360.95,0,1555962319.0
421,0,362.22,564.57,28,104.4,382.45,1,1553490327.0
422,1,240.12,608.034,71,95.4,266.9,0,1553907934.0
423,1,216.32,499.956,19,108.0,354.6,0,1557043102.0
424,0,439.82,680.169,30,100.8,402.75,1,1553814084.0
425,1,221.36,471.605,70,90.6,369.45,1,1555720913.0
426,1,322.58,504.57,16,99.0,188.25,0,1552112523.0
427,1,295.28,524.009,64,120.6,182.2,0,1559283662.0
428,1,323.54,514.632,59,115.2,200.05,1,1551477997.0
429,1,301.66,594.484,229,100.8,205.8,0,1553764558.0
430,1,213.72,433.137,109,99.6,301.15,1,1552068043.0
431,0,409.72,575.196,154,106.8,402.35,1,1549891582.0
432,0,442.42,726.834,213,99.6,345.0,0,1549859854.0
433,1,323.16,480.989,168,104.4,200.2,1,1557311108.0
434,0,444.52,520.792,53,122.4,445.0,0,1548518215.0
435,1,324.86,205.93,126,106.2,252.4,1,1558032719.0
436,0,489.1,507.237,127,126.0,420.2,1,1563614844.0
437,0,427.5,680.302,31,109.2,382.8,1,1552041556.0
438,1,291.96,581.83,85,102.6,192.3,0,1554549861.0
439,0,399.58,760.035,126,104.4,359.2,0,1557355638.0
440,0,472.3,554.111,101,121.2,369.7,0,1548294794.0
441,1,286.26,592.435,232,99.0,197.8,0,1557748632.0
442,1,260.82,537.006,3,117.6,237.55,0,1558402576.0
443,1,334.84,705.928,12,115.2,219.2,1,1561713546.0
444,0,402.48,662.653,218,114.6,386.45,0,1550202235.0
445,0,423.66,634.976,84,117.6,393.85,1,1546331226.0
446,0,473.74,639.667,127,108.6,397.0,1,1554110474.0
447,1,264.16,479.978,3,108.0,413.95,1,1548982349.0
448,0,410.76,467.221,162,106.8,410.35,0,1561012206.0
449,0,449.96,708.897,51,112.2,350.65,1,1558048866.0
450,1,286.08,506.665,181,107.4,215.8,0,1551819199.0
451,1,218.68,410.596,234,108.0,263.5,0,1548924638.0
452,1,280.92,412.292,7,99.0,191.85,1,1557727768.0
453,1,301.6,563.697,166,103.8,194.55,0,1563003702.0
454,0,387.94,503.379,197,142.8,410.35,1,1560495729.0
455,1,252.88,658.997,95,131.4,310.9,1,1558310448.0
456,0,460.28,705.472,44,100.8,362.2,1,1555339548.0
457,1,335.72,312.81,8,112.2,187.25,1,1554867016.0
458,0,428.66,738.829,156,107.4,241.1,1,1553282087.0
459,1,246.5,516.622,1,93.6,218.15,0,1552658777.0
460,1,338.8,310.724,105,93.0,356.65,1,1552632861.0
461,0,409.04,603.726,166,117.0,425.15,1,1560936275.0
462,1,353.04,738.633,188,114.6,263.1,1,1549053035.0
463,1,321.46,591.44,60,114.6,217.05,1,1549380397.0
464,1,303.26,661.876,1,102.6,282.3,1,1554663177.0
465,0,387.54,684.419,147,87.6,401.15,0,1554341942.0
466,1,356.7,298.758,28,95.4,225.05,1,1559598201.0
467,1,320.06,177.1,21,100.8,249.45,0,1555416565.0
468,1,245.18,415.213,202,136.2,356.15,1,1546689197.0
469,0,469.28,660.506,171,104.4,394.15,0,1557317306.0
470,0,428.98,551.956,81,103.2,400.75,1,1563418279.0
471,0,411.28,386.092,25,91.2,344.1,0,1562859923.0
472,1,301.22,752.549,102,117.0,325.95,1,1550403720.0
473,1,285.62,497.428,8,116.4,185.25,0,1549172829.0
474,0,396.64,755.248,33,123.6,381.2,0,1559346146.0
475,0,471.94,583.426,139,82.2,398.05,1,1554412993.0
476,0,419.86,616.287,111,108.0,436.45,0,1553334223.0
477,0,471.98,519.754,58,93.0,373.15,0,1562357773.0
478,1,214.38,512.573,10,121.2,336.95,1,1548337298.0
479,0,457.4,635.802,136,111.0,330.85,1,1556755316.0
480,1,323.58,524.62,15,109.8,196.8,0,1547499490.0
481,0,368.06,630.606,26,109.8,436.3,1,1557635759.0
482,1,227.6,390.319,50,114.6,330.6,1,1550215661.0
483,1,256.96,336.018,52,98.4,220.65,0,1551644432.0
484,1,242.48,431.114,181,102.0,220.55,0,1555778955.0
485,0,425.76,674.325,179,95.4,409.9,1,1559640327.0
486,0,461.9,707.839,130,93.0,360.15,0,1562366028.0
487,0,404.68,589.53,26,100.2,362.75,1,1549611202.0
488,1,232.38,630.713,175,104.4,316.5,1,1557386007.0
489,1,230.52,561.809,137,101.4,268.4,0,1550308287.0
490,1,276.7,243.166,210,119.4,323.35,0,1550162009.0
491,1,249.34,479.683,230,143.4,217.45,1,1560514090.0
492,1,316.44,367.824,109,108.0,185.0,0,1553409412.0
493,1,444.22,577.771,163,102.6,193.15,1,1554634265.0
494,1,243.62,282.658,98,102.0,327.95,1,1553236898.0
495,1,408.54,518.24,44,119.4,436.35,0,1551855083.0
496,1,354.92,492.829,59,120.6,164.95,1,1556653324.0
497,1,281.9,430.738,70,123.6,222.0,0,1561855420.0
498,1,320.66,569.841,39,113.4,421.45,0,1561514819.0
499,1,227.4,454.005,182,123.0,293.0,1,1548659429.0
500,0,479.88,608.03,23,117.6,404.7,1,1546320682.0
501,0,470.58,624.306,205,109.2,394.2,0,1554801999.0
502,1,301.68,240.301,0,134.4,400.15,1,1563893243.0
503,1,237.38,475.104,235,103.2,336.75,1,1556488705.0
504,1,217.4,360.373,218,94.2,319.0,0,1552955278.0
505,1,284.08,341.912,17,95.4,243.65,1,1562689413.0
506,0,491.78,548.062,103,106.2,370.75,0,1547087479.0
507,1,223.6,578.876,189,91.8,284.65,1,1560126915.0
508,0,384.54,652.278,34,97.2,390.85,0,1556312268.0
509,1,303.86,578.772,18,120.0,309.1,0,1549475308.0
510,1,299.6,705.826,211,102.6,236.15,0,1561180978.0
511,1,296.38,499.113,137,123.0,197.5,0,1548693756.0
512,0,415.74,666.912,14,95.4,417.0,1,1558562063.0
513,1,309.48,751.802,122,120.6,272.15,0,1559293589.0
514,1,277.42,307.263,209,102.0,344.7,1,1555659268.0
515,1,211.38,429.958,112,98.4,303.6,1,1551379964.0
516,1,362.04,516.916,194,103.2,164.55,1,1563373564.0
517,0,449.16,618.063,113,90.0,401.1,1,1562339650.0
518,1,267.62,455.809,57,93.0,288.2,0,1552619545.0
519,0,405.22,576.919,173,97.2,424.9,1,1556357278.0
520,0,402.3,637.275,229,132.6,405.15,1,1546780801.0
521,0,366.86,477.084,34,103.2,428.05,1,1556611633.0
522,1,374.18,638.913,195,119.4,211.6,0,1550117653.0
523,1,393.66,353.506,118,100.2,198.8,0,1549634542.0
524,0,481.26,664.319,97,106.2,363.8,0,1557462535.0
525,1,326.96,655.76,219,111.0,197.35,0,1562454547.0
526,1,343.8,525.632,83,117.6,271.95,0,-9223372036.854776
527,0,406.6,635.288,226,98.4,404.35,1,1551298825.0
528,1,307.96,442.485,104,108.0,231.55,0,1553434673.0
529,0,405.54,702.037,201,100.8,311.3,1,1559996749.0
530,1,238.54,484.536,43,106.2,227.2,1,1556946097.0
531,1,258.66,283.874,218,127.2,290.15,1,1561799071.0
532,0,455.06,739.419,6,109.2,325.35,0,1552262748.0
533,0,473.92,584.44,2,99.6,395.9,1,1547151501.0
534,0,369.76,602.84,96,92.4,385.7,0,1548096661.0
535,1,338.8,418.514,205,112.8,377.75,1,1550561370.0
536,0,457.62,624.76,119,111.0,390.95,1,1548915250.0
537,1,258.46,582.958,80,112.2,259.75,1,1563525130.0
538,0,481.28,590.479,164,102.6,388.75,0,1561223949.0
539,1,312.6,649.272,121,110.4,199.7,1,1546987630.0
540,0,463.18,658.834,190,98.4,384.2,1,1551652276.0
541,0,370.92,404.788,161,107.4,304.15,0,1550609367.0
542,0,481.9,549.899,21,93.6,421.65,1,1552696090.0
543,1,365.3,519.205,108,108.6,456.85,0,1554104238.0
544,1,272.36,658.567,65,117.6,233.05,1,1546373869.0
545,1,334.14,426.503,215,106.2,166.05,0,1557509946.0
546,1,220.5,372.125,42,106.8,288.2,0,1547824681.0
547,1,463.74,183.686,122,120.6,313.95,0,1559246931.0
548,0,461.82,466.538,79,117.0,440.6,1,1550387157.0
549,1,247.28,378.387,89,110.4,230.65,0,1547012696.0
550,1,316.7,401.351,224,102.6,372.95,0,1550249524.0
551,0,407.74,698.742,39,97.8,370.9,1,1547951496.0
552,1,303.92,507.602,94,114.0,200.9,1,1561436493.0
553,0,326.1,643.958,190,134.4,372.05,1,1563856625.0
554,0,408.8,515.014,16,117.0,448.55,0,1550386838.0
555,0,390.72,723.259,200,107.4,362.25,0,1547186547.0
556,0,470.56,518.648,187,121.2,318.0,0,1559381254.0
557,0,327.98,756.875,199,126.0,357.75,0,1563664108.0
558,1,292.88,217.732,156,108.6,284.55,1,1554095848.0
559,1,318.92,765.606,225,112.2,276.0,0,1559201791.0
560,0,445.74,532.236,34,130.8,419.55,1,1546640845.0
561,0,421.06,440.782,172,111.6,446.05,1,1563537958.0
562,0,471.88,556.771,37,111.0,383.95,1,1556752913.0
563,0,389.24,683.059,235,106.2,419.9,1,1550969084.0
564,1,347.5,325.5,211,106.2,201.7,1,1553923778.0
565,0,483.0,662.173,168,103.2,383.2,0,1549755510.0
566,1,326.0,520.973,92,105.0,187.55,0,1553194001.0
567,0,419.28,637.643,49,102.6,433.15,0,1554585607.0
568,1,312.22,253.715,131,93.0,215.8,0,1562384417.0
569,1,290.96,474.479,44,139.2,191.75,0,1560716673.0
570,0,390.62,741.662,111,102.6,381.6,0,1561248962.0
571,1,295.84,654.999,187,120.6,230.2,1,1559246879.0
572,0,469.5,514.094,220,116.4,393.7,1,1560885014.0
573,0,391.36,570.324,99,109.8,428.1,1,1555277869.0
574,0,459.76,571.799,15,109.2,399.0,0,1554763255.0
575,0,463.88,567.918,22,102.6,247.9,1,1554652922.0
576,1,258.82,239.369,161,111.0,276.95,1,1548876041.0
577,1,251.3,279.646,233,104.4,251.6,1,1556389530.0
578,1,338.46,255.833,128,107.4,295.25,0,1563167114.0
579,0,450.0,678.669,231,115.2,404.8,0,1547698350.0
580,1,309.94,768.938,115,119.4,304.7,1,1550129424.0
581,0,443.88,764.353,220,108.0,329.1,1,1549690098.0
582,0,362.5,696.464,193,136.2,327.8,0,1546693147.0
583,1,263.96,564.356,186,105.0,282.85,1,1548249258.0
584,0,446.32,658.265,92,84.6,407.95,1,1562238229.0
585,0,368.2,745.359,27,93.6,353.95,1,1552664954.0
586,0,473.5,665.042,165,109.8,317.15,0,1555323535.0
587,1,332.58,256.863,7,98.4,218.35,0,1551336104.0
588,1,259.76,341.911,225,106.2,253.0,0,1556888239.0
589,1,346.86,490.905,39,82.2,401.5,1,1554408072.0
590,0,450.58,585.26,222,106.2,399.7,1,1556918398.0
591,0,484.74,570.148,102,135.6,365.5,1,1548402773.0
592,0,369.96,368.34,53,97.2,455.75,1,1550819045.0
593,1,334.44,689.623,211,142.8,206.95,1,1560446829.0
594,0,440.1,740.246,98,103.2,371.9,0,1552485025.0
595,0,401.16,584.766,36,119.4,403.55,1,1561355422.0
596,0,480.18,662.634,66,99.0,326.1,0,1557242167.0
597,0,433.74,583.372,64,110.4,436.5,1,1547018896.0
598,0,462.76,559.011,181,93.0,386.25,0,1556211530.0
599,1,239.72,443.041,109,102.6,246.75,1,1554669482.0
600,0,411.42,591.061,80,115.2,392.55,0,1547731633.0
601,0,454.74,565.701,202,106.2,398.0,0,1556902502.0
602,0,452.98,522.529,228,102.0,376.2,1,1551112404.0
603,1,261.72,234.107,20,100.8,327.85,1,1555340837.0
604,0,450.68,609.978,7,111.0,387.5,0,1563026722.0
605,1,244.08,499.57,118,106.8,253.9,1,1549904527.0
606,0,450.04,694.38,25,85.2,360.9,1,1560205270.0
607,1,249.08,282.1,80,99.0,295.6,1,1557696726.0
608,1,307.38,280.191,235,104.4,248.35,1,1557391495.0
609,0,458.24,671.865,207,119.4,402.45,0,1550116252.0
610,1,258.5,418.666,145,88.2,205.9,0,1562288051.0
611,0,496.24,388.174,16,108.0,281.95,0,1553375211.0
612,1,511.14,357.645,226,118.8,375.15,1,1559153520.0
613,0,346.98,683.33,145,103.2,369.7,1,1549806395.0
614,0,446.32,603.152,150,112.8,382.1,0,1555526294.0
615,1,217.7,443.072,224,104.4,266.1,1,1558850637.0
616,0,424.6,649.296,176,100.2,406.9,1,1549585418.0
617,1,268.28,380.671,218,100.2,242.65,0,1549622774.0
618,1,510.14,280.287,47,82.2,347.9,1,1554403019.0
619,1,357.7,561.946,8,123.6,399.05,0,1559303085.0
620,0,476.2,627.924,148,127.2,386.55,1,1560802707.0
621,1,250.9,567.708,141,102.6,311.3,0,1554650290.0
622,0,387.26,755.351,72,115.2,299.4,0,1551503461.0
623,1,268.92,531.887,71,106.2,244.3,1,1547055183.0
624,1,251.7,641.479,80,112.2,250.4,0,1554861756.0
625,0,399.52,718.818,134,107.4,330.2,1,1551826931.0
626,0,398.8,582.352,209,117.6,435.7,0,1558141252.0
627,0,397.44,670.587,197,94.2,427.0,1,1560020041.0
628,0,440.96,645.641,108,112.8,418.55,0,1555528256.0
629,1,272.8,310.929,187,107.4,233.85,0,1553320815.0
630,1,290.16,339.516,68,123.6,279.6,1,1559338906.0
631,1,313.94,688.639,98,111.0,219.85,0,1548842043.0
632,0,463.08,516.361,100,117.6,407.3,1,-9223372036.854776
633,0,448.46,677.446,51,125.4,402.95,1,1563750875.0
634,1,263.52,245.933,12,107.4,330.0,0,1551922815.0
635,0,487.22,694.764,167,104.4,330.9,1,1553503215.0
636,0,420.46,616.101,205,111.6,423.55,1,1559114967.0
637,0,457.88,658.35,25,118.8,381.05,0,1560986498.0
638,1,254.74,483.476,225,94.2,215.05,1,1560245872.0
639,0,443.18,469.742,122,102.0,403.2,1,1558692279.0
640,0,460.36,627.724,221,139.2,399.55,0,1560740575.0
641,0,478.64,640.459,118,96.0,392.85,0,1553654129.0
642,0,428.84,775.679,8,90.6,332.0,1,1559694553.0
643,0,488.46,671.325,228,119.4,367.45,1,1550144168.0
644,1,301.54,281.867,43,111.6,355.15,1,1552375116.0
645,0,389.9,701.851,69,111.6,415.8,1,1546574435.0
646,0,375.28,663.451,190,97.2,402.65,1,1553156004.0
647,0,408.94,687.834,82,124.8,282.8,0,1549231873.0
648,1,247.02,583.484,217,106.2,383.85,1,1556928093.0
649,0,434.74,594.225,3,123.6,330.15,1,1559345520.0
650,0,465.36,599.672,157,102.6,382.2,0,1554571597.0
651,1,256.0,454.652,47,106.2,247.1,0,1562522839.0
652,0,476.12,551.31,1,107.4,401.9,1,1552201651.0
653,1,391.78,428.383,219,117.6,182.8,1,1546355664.0
654,1,274.4,539.224,65,108.0,232.15,0,1556162325.0
655,0,453.58,585.761,46,111.6,398.35,1,1563587793.0
656,1,254.4,239.426,232,103.2,337.55,1,1556547000.0
657,1,249.7,631.022,12,110.4,257.8,1,1546869531.0
658,1,322.48,511.712,78,106.2,199.3,1,1550930148.0
659,0,446.56,515.127,137,103.2,399.1,0,1563401094.0
660,0,430.36,705.051,129,96.0,402.35,0,1550726608.0
661,1,241.7,578.467,150,118.8,355.15,1,1550447220.0
662,1,393.22,421.363,114,99.0,182.45,0,1552092106.0
663,0,448.02,464.032,148,97.2,445.9,0,1556315150.0
664,1,221.14,429.935,9,117.0,303.5,0,1560914384.0
665,1,380.1,401.592,204,94.8,163.0,1,1549942749.0
666,1,216.34,429.079,119,82.2,267.2,0,1554415215.0
667,1,390.14,455.224,165,103.2,178.8,1,1563425602.0
668,1,319.38,546.452,235,106.2,184.55,1,1550992380.0
669,1,370.94,482.06,135,111.0,163.0,1,1556822221.0
670,0,420.92,536.731,182,91.8,427.8,1,1559740584.0
671,0,330.86,509.502,78,105.0,370.35,0,1553228015.0
672,0,432.06,501.477,186,107.4,356.35,0,1547210791.0
673,1,267.98,534.417,215,103.2,393.5,1,1549826451.0
674,0,322.84,642.355,59,117.0,426.75,0,1550402131.0
675,1,302.94,414.173,223,90.0,180.4,0,1562127100.0
676,0,375.06,715.111,0,111.0,410.15,1,1556780458.0
677,1,324.92,391.934,45,98.4,206.75,0,1551585087.0
678,1,248.68,261.309,94,106.8,278.7,0,1549903541.0
679,0,455.26,662.01,101,94.8,321.0,0,1549928701.0
680,0,504.14,578.45,118,136.2,391.45,1,1546721922.0
681,0,512.18,618.339,214,96.0,344.75,1,1553647991.0
682,1,247.42,319.987,26,111.6,377.75,0,1552370712.0
683,1,262.58,562.427,192,106.8,294.75,0,1561019686.0
684,0,397.0,739.109,37,109.2,312.1,0,1552260963.0
685,0,460.72,639.652,63,99.0,375.0,0,1550284143.0
686,0,408.04,649.025,138,103.8,422.7,0,1551521263.0
687,0,500.4,666.296,73,79.8,309.35,0,1562786152.0
688,1,301.98,665.411,44,103.2,211.95,1,1556430625.0
689,1,308.0,523.401,223,104.4,176.05,0,1553495813.0
690,0,446.4,587.767,60,102.6,414.0,0,1557218387.0
691,0,492.58,609.387,6,139.2,370.3,0,1560764302.0
692,1,336.58,551.216,35,91.2,213.0,1,1562868763.0
693,1,254.22,687.871,194,102.0,311.65,1,1561122921.0
694,0,414.96,455.939,11,115.2,432.05,0,1551478417.0
695,0,381.68,741.597,229,103.2,364.7,1,1556545099.0
696,0,381.42,794.848,125,103.2,322.55,0,1556524141.0
697,0,436.44,741.801,155,102.6,369.65,1,1550621180.0
698,1,450.48,354.668,227,99.6,188.75,1,1551210503.0
699,0,445.26,745.438,217,106.8,345.05,1,1562506654.0
700,0,402.08,586.336,31,97.2,380.3,1,1556339297.0
701,0,523.04,473.574,39,98.4,351.95,0,1562928981.0
702,0,355.1,674.796,51,102.6,403.0,1,1554609376.0
703,1,232.14,422.516,128,118.8,323.95,1,1550434969.0
704,0,425.84,642.387,186,98.4,426.15,0,1551270859.0
705,1,211.42,476.823,138,106.2,287.55,1,1554022423.0
706,0,416.02,661.987,220,99.6,388.25,1,1551209754.0
707,0,452.9,697.105,42,100.8,360.35,1,1555432715.0
708,0,519.52,614.282,88,117.0,342.05,1,1556638042.0
709,1,270.96,222.057,174,118.8,359.15,0,1550529753.0
710,0,406.46,623.122,81,97.8,395.75,1,1548011377.0
711,0,491.52,335.026,206,139.2,375.95,0,1560708291.0
712,1,289.24,733.477,120,125.4,296.05,0,1549097726.0
713,1,219.54,548.76,163,123.6,301.25,1,1561815305.0
714,0,332.62,721.889,105,102.0,357.0,1,1558717628.0
715,0,415.92,616.259,49,124.8,402.3,0,1549246432.0
716,1,265.26,702.329,123,120.0,291.75,1,1560374513.0
717,0,448.88,648.023,36,136.2,386.1,0,1546674768.0
718,0,350.34,672.403,198,100.8,374.4,0,1555484298.0
719,1,239.86,542.861,103,108.0,240.05,1,1556190114.0
720,0,449.84,638.797,48,105.6,328.25,0,1559543684.0
721,1,236.9,500.862,219,125.4,295.25,0,1555991194.0
722,1,517.24,510.675,67,115.2,258.4,1,1561726262.0
723,0,433.14,764.082,69,112.2,338.45,1,1563474785.0
724,0,416.48,644.34,93,111.6,334.45,0,1546586923.0
725,0,350.86,487.611,211,108.6,427.7,0,1554040491.0
726,1,428.76,606.411,166,120.6,190.5,0,1559239699.0
727,0,401.1,736.003,40,119.4,387.55,1,1561956117.0
728,1,293.6,550.021,115,107.4,339.55,0,1547263711.0
729,1,266.34,383.498,43,96.6,222.85,0,1553677870.0
730,1,299.06,504.914,15,103.2,235.0,1,1556570421.0
731,0,473.28,621.613,104,97.2,385.25,1,1553120845.0
732,0,451.74,471.392,56,111.0,421.55,1,1546811002.0
733,1,271.34,659.567,28,99.0,253.0,1,1547592585.0
734,1,338.36,319.476,232,90.0,207.45,1,1562145750.0
735,1,391.82,293.986,6,123.0,184.35,1,1548676240.0
736,0,366.84,498.505,13,98.4,417.1,0,1551708612.0
737,0,365.68,618.403,33,139.2,426.2,0,1560741793.0
738,0,462.84,616.082,52,111.0,404.55,1,1548907820.0
739,0,380.16,526.561,38,103.2,408.75,0,1556564023.0
740,1,246.48,559.849,235,98.4,283.2,0,1551257570.0
741,0,493.44,673.074,89,112.2,356.4,0,1554912489.0
742,1,325.9,668.155,221,111.0,363.0,1,1563034344.0
743,0,423.3,694.568,17,93.6,398.55,0,1562079473.0
744,1,256.34,620.601,194,95.4,371.6,1,1558646078.0
745,0,394.3,608.059,43,106.8,435.8,1,1549885826.0
746,1,335.74,395.525,157,109.8,184.9,0,1552803947.0
747,1,303.08,462.391,185,101.4,301.15,0,1563205416.0
748,1,321.48,531.677,119,101.4,171.5,0,1558018222.0
749,1,277.36,567.822,165,94.2,200.3,0,1560242296.0
750,1,380.82,629.395,118,106.2,254.35,1,1557508427.0
751,0,379.82,486.795,204,103.2,433.8,1,1549786873.0
752,0,499.08,635.517,170,111.6,364.0,1,1546557686.0
753,0,469.5,671.135,132,107.4,366.35,0,1548793014.0
754,0,467.2,599.985,134,117.6,376.6,0,1546379935.0
755,0,443.58,736.875,186,118.8,365.2,0,1560983176.0
756,0,342.46,528.026,10,124.8,448.3,0,1549206942.0
757,1,302.24,673.843,203,106.2,228.5,0,1558866780.0
758,0,398.78,396.991,94,109.8,407.9,1,1557612137.0
759,0,509.14,553.534,168,105.6,389.4,1,1562027062.0
760,0,360.94,525.301,74,123.6,321.9,0,1558934606.0
761,1,275.26,605.83,215,106.8,215.35,0,1549917946.0
762,1,353.46,763.683,52,113.4,256.2,1,1546531300.0
763,0,338.2,586.388,191,107.4,444.1,1,1548806737.0
764,1,346.02,631.27,135,87.6,218.5,1,1554350268.0
765,0,312.96,530.494,113,102.6,406.85,0,1550233528.0
766,1,230.7,527.363,136,100.8,361.15,1,1563326036.0
767,0,430.88,676.334,223,99.6,378.5,1,1547425390.0
768,1,256.74,624.637,179,111.6,244.3,0,1546562697.0
769,0,496.46,553.687,144,105.6,392.05,0,1559537506.0
770,0,402.58,698.057,114,84.0,414.75,1,1554452325.0
771,0,395.86,444.901,116,91.8,293.0,0,1559770702.0
772,0,427.4,513.632,235,111.0,407.8,0,1563053474.0
773,1,345.16,312.658,76,106.2,178.25,0,1557472957.0
774,0,482.76,503.561,225,112.2,399.45,0,1559205354.0
775,1,350.74,216.449,121,106.2,234.9,1,1556960424.0
776,1,210.44,513.173,174,110.4,319.45,1,1546906647.0
777,0,425.18,729.488,195,93.6,384.35,1,1562625010.0
778,1,210.3,478.619,170,120.0,288.8,1,1560353144.0
779,1,273.7,199.917,125,117.6,319.4,1,-9223372036.854776
780,1,252.78,391.315,93,99.6,296.1,0,1547347140.0
781,0,500.0,550.416,92,110.4,349.85,1,1558483318.0
782,1,248.64,399.394,186,118.8,283.9,1,1560985485.0
783,0,444.7,651.866,179,100.8,406.25,0,1555424155.0
784,0,411.68,660.273,129,120.6,407.25,0,1559251342.0
785,1,213.92,438.817,54,154.2,275.2,0,1560577382.0
786,0,376.54,663.593,190,90.6,431.9,0,1553007420.0
787,1,218.14,426.967,12,93.0,288.5,1,1552605191.0
788,1,334.44,668.739,187,95.4,302.65,1,1553527059.0
789,1,308.04,224.731,94,102.0,228.6,0,1555686898.0
790,0,398.16,744.301,45,100.8,353.4,1,1563328733.0
791,1,286.84,282.718,200,99.6,330.9,1,1547162070.0
792,1,340.98,208.565,42,107.4,218.0,1,1547192182.0
793,1,302.5,460.337,140,132.0,175.0,0,1560873754.0
794,1,263.36,553.362,66,109.2,305.45,0,1554827475.0
795,0,455.12,724.24,108,111.6,358.7,1,1563559582.0
796,1,368.46,589.662,52,110.4,330.4,0,1546902163.0
797,0,393.52,629.28,133,98.4,408.35,0,1551689309.0
798,1,238.4,327.089,30,115.8,351.0,1,1555218515.0
799,1,234.6,339.873,208,95.4,250.95,1,1553540555.0
800,1,263.44,325.37,156,135.0,392.65,1,1555963822.0
801,0,461.04,707.013,104,130.2,372.9,1,1563793510.0
802,1,396.6,605.76,33,102.6,333.95,0,1554669282.0
803,1,240.98,410.972,68,123.0,245.65,1,1548722719.0
804,1,303.88,609.686,234,87.6,249.8,0,1554336140.0
805,0,461.8,612.701,72,102.6,409.95,1,1550240027.0
806,1,238.06,638.838,203,136.2,306.1,0,1546681342.0
807,1,421.74,735.381,200,108.6,236.15,0,1552861442.0
808,0,448.4,588.202,125,136.2,382.2,0,1546670060.0
809,1,211.26,460.243,154,108.0,309.2,0,1557054433.0
810,1,222.04,530.129,135,108.0,270.4,0,1559448877.0
811,1,505.2,510.134,55,99.0,366.05,0,1557694630.0
812,0,431.86,604.657,50,108.6,320.5,1,1554135665.0
813,0,357.02,750.444,18,117.6,381.0,1,-9223372036.854776
814,1,364.4,270.733,214,101.4,214.2,0,1553166169.0
815,0,422.76,566.051,61,114.6,368.55,0,1550208954.0
816,1,252.22,442.177,53,113.4,209.4,0,1551398084.0
817,0,511.22,650.446,135,114.6,337.9,0,1549050160.0
818,1,249.16,624.661,49,96.0,289.95,1,1549961175.0
819,1,402.3,286.799,77,124.8,410.6,0,1549190427.0
820,0,339.76,488.526,5,102.0,388.45,0,1561127552.0
821,0,462.14,613.838,193,106.2,413.5,1,1547048968.0
822,0,427.92,583.631,32,105.0,444.25,1,1547750755.0
823,0,403.08,641.885,190,102.6,389.45,1,1557889850.0
824,0,413.96,578.684,66,87.6,445.25,1,1554286076.0
825,1,277.04,538.989,167,113.4,199.8,0,1551396082.0
826,0,397.72,764.802,228,112.2,341.25,0,1559203355.0
827,1,278.68,479.298,136,120.0,199.35,0,1560406293.0
828,1,227.06,566.833,126,120.6,362.3,1,1556702605.0
829,0,298.5,489.186,70,108.0,439.85,0,1553405881.0
830,1,539.92,502.789,189,110.4,285.25,0,1547005519.0
831,0,437.94,667.446,124,127.2,412.0,0,1561777671.0
832,0,473.44,614.673,98,113.4,397.65,1,1551391334.0
833,0,423.12,610.091,91,138.6,437.3,0,1560655065.0
834,0,506.34,518.473,224,99.0,399.05,1,1557756759.0
835,0,516.52,418.846,227,113.4,382.9,1,1546533051.0
836,0,439.1,731.742,130,111.0,380.1,1,1563028214.0
837,1,216.36,382.609,0,112.2,309.4,1,1559203347.0
838,0,420.54,521.79,72,143.4,439.25,0,1560541714.0
839,1,267.8,401.837,158,99.6,202.1,0,1552723177.0
840,1,271.44,682.114,95,101.4,366.5,0,1548823121.0
841,1,304.72,623.781,135,105.0,196.25,1,1548265146.0
842,1,358.08,145.481,116,87.6,331.3,0,1556220699.0
843,0,444.22,566.376,35,106.2,439.9,0,1554029086.0
844,1,238.64,574.259,176,99.0,252.15,0,1557249109.0
845,0,489.74,494.575,150,123.6,401.45,0,1561855231.0
846,1,218.0,491.115,81,90.0,265.7,0,1562191999.0
847,0,411.0,569.867,90,138.6,419.85,0,1560652402.0
848,0,455.46,749.034,93,114.6,340.5,0,1549385458.0
849,0,359.16,781.195,20,103.2,344.4,1,1549741072.0
850,0,516.12,379.083,54,142.8,373.55,0,1560424000.0
851,1,264.54,576.68,130,121.2,348.85,1,1559359070.0
852,0,473.0,597.859,183,103.2,347.35,1,1552509342.0
853,0,405.8,695.625,197,106.2,395.8,0,1553977428.0
854,0,483.6,471.691,20,87.6,422.95,0,1556284400.0
855,0,414.34,596.776,58,101.4,285.55,0,1559951211.0
856,0,430.58,683.245,226,96.0,393.95,0,1550754668.0
857,0,421.2,774.601,217,111.6,345.4,1,1552354759.0
858,1,229.38,335.539,104,123.6,308.8,1,1558947231.0
859,0,437.58,704.101,185,102.0,348.9,1,1558722958.0
860,1,337.84,579.833,63,112.8,181.55,1,1555548573.0
861,1,313.98,272.411,152,84.0,233.05,1,1554443655.0
862,0,488.8,542.518,197,93.0,415.85,0,1554487369.0
863,0,324.88,580.196,147,115.2,379.15,1,1547737831.0
864,1,232.54,634.936,106,99.6,310.3,0,1552767053.0
865,1,264.76,612.3,98,92.4,242.3,0,1548113602.0
866,0,470.56,602.835,153,115.2,393.2,0,1547661365.0
867,0,414.88,636.643,212,127.2,411.85,1,1561782190.0
868,1,253.9,428.982,43,123.6,208.5,1,1558935327.0
869,1,289.42,608.128,50,109.2,208.65,1,1554763705.0
870,0,444.16,658.828,153,121.2,412.05,1,1555042962.0
871,0,342.14,598.866,68,108.0,445.75,1,1556177421.0
872,0,352.56,691.128,152,103.2,290.9,0,1549780676.0
873,1,333.7,315.231,193,90.6,219.4,0,1559669047.0
874,0,372.96,639.248,116,112.8,424.4,1,1555558916.0
875,1,439.38,669.29,177,87.6,252.6,1,1554272242.0
876,1,300.58,617.703,194,112.2,343.05,1,1554925681.0
877,1,246.26,627.848,70,110.4,283.5,1,1547009602.0
878,1,387.16,533.501,88,115.2,166.65,0,1547717496.0
879,1,280.78,509.601,62,110.4,206.4,1,1548734059.0
880,0,471.12,680.335,55,89.4,380.35,1,1548207748.0
881,1,241.5,659.634,222,109.8,300.35,0,1555323409.0
882,1,282.44,662.815,44,105.6,229.8,1,1559523323.0
883,1,360.84,193.454,91,122.4,240.45,1,1559047117.0
884,0,491.56,572.604,26,103.2,396.8,0,1556492077.0
885,0,426.76,657.912,114,100.2,347.1,1,1550031368.0
886,1,241.9,634.51,134,91.2,353.3,0,1551157034.0
887,1,479.04,493.091,12,113.4,391.6,1,1561549938.0
888,0,439.88,459.599,44,111.0,400.25,0,1552024100.0
889,1,247.24,661.938,141,119.4,345.85,1,1551872166.0
890,1,235.32,630.01,229,102.6,323.75,1,1554513548.0
891,0,391.12,633.2,35,102.6,393.35,1,1550656446.0
892,1,353.4,516.005,32,118.8,187.9,0,1555160687.0
893,0,425.74,520.11,13,108.0,375.75,0,1556971578.0
894,1,309.54,518.127,96,102.0,193.25,0,1558691441.0
895,0,422.24,646.312,119,110.4,365.75,0,1548746044.0
896,1,244.04,456.325,171,99.6,238.2,1,1552767541.0
897,1,284.46,257.672,122,99.0,253.15,1,1552230464.0
898,0,383.64,757.698,54,122.4,364.1,0,1548605165.0
899,0,380.5,641.224,79,114.6,419.3,1,1549393561.0
900,0,419.64,461.8,27,122.4,380.1,1,1548592696.0
901,0,494.1,651.81,33,108.0,371.35,0,1548928654.0
902,1,287.12,309.76,18,108.0,214.75,1,1553419909.0
903,0,439.44,537.671,209,103.2,430.3,0,1556476496.0
904,1,386.3,698.685,39,94.8,394.8,1,1549936538.0
905,1,239.3,518.699,0,109.2,259.35,1,1552256932.0
906,1,240.24,282.755,180,100.2,328.6,1,1550066273.0
907,1,400.46,596.21,54,120.0,174.35,1,1560361963.0
908,0,512.8,551.879,180,113.4,354.8,1,1561532507.0
909,1,336.68,407.631,85,130.8,422.65,1,1546638518.0
910,0,461.74,624.91,34,99.0,415.35,0,1557303010.0
911,1,246.16,610.045,95,108.0,245.95,1,1557663072.0
912,1,278.64,376.051,53,120.6,209.2,1,1556699232.0
913,0,392.46,680.949,171,90.6,401.15,1,1553005425.0
914,0,425.12,676.691,73,109.8,373.25,1,1552798812.0
915,1,281.28,521.822,196,99.0,317.25,0,1552102890.0
916,1,238.6,513.154,20,87.6,231.0,1,1554291516.0
917,1,305.88,437.089,146,119.4,389.0,1,1550155081.0
918,1,388.88,470.51,99,117.6,176.25,1,1546490387.0
919,0,370.9,617.48,148,110.4,399.85,0,1546976325.0
920,0,422.34,547.259,19,89.4,350.45,1,1548161894.0
921,1,342.62,473.919,105,114.6,200.85,0,1549031854.0
922,1,265.1,538.17,179,142.8,208.35,1,1560451800.0
923,0,397.12,622.386,41,123.6,433.45,1,1558937967.0
924,1,242.1,420.429,1,132.0,369.2,1,1560878606.0
